{
  "pD": [],
  "pDi": [],
  "pDid": [],
  "tcaDd": [0.00001, 0.000012589, 0.000015849, 0.000019953, 0.000025119, 0.000031623, 0.000039811, 0.000050119, 0.000063096, 0.000079433, 0.0001, 0.000125893, 0.000158489, 0.000199526, 0.000251189, 0.000316228, 0.000398107, 0.000501187, 0.000630957, 0.000794328, 0.001, 0.001258925, 0.001584893, 0.001995262, 0.002511886, 0.003162278, 0.003981072, 0.005011872, 0.006309573, 0.007943282, 0.01, 0.012589254, 0.015848932, 0.019952623, 0.025118864, 0.031622777, 0.039810717, 0.050118723, 0.063095734, 0.079432823, 0.1, 0.125892541, 0.158489319, 0.199526231, 0.251188643, 0.316227766, 0.398107171, 0.501187234, 0.630957344, 0.794328235, 1, 1.258925412, 1.584893192, 1.995262315, 2.511886432, 3.16227766, 3.981071706, 5.011872336, 6.309573445, 7.943282347, 10, 12.58925412, 15.84893192, 19.95262315, 25.11886432, 31.6227766, 39.81071706, 50.11872336, 63.09573445, 79.43282347, 100, 125.8925412, 158.4893192, 199.5262315, 251.1886432, 316.227766, 398.1071706, 501.1872336, 630.9573445, 794.3282347, 1000, 1258.925412, 1584.893192, 1995.262315, 2511.886432, 3162.27766, 3981.071706, 5011.872336, 6309.573445, 7943.282347, 10000],
  "pDreD2": [0.024, 0.027, 0.03, 0.034, 0.038, 0.043, 0.048, 0.054, 0.06, 0.067, 0.075, 0.084, 0.094, 0.105, 0.117, 0.131, 0.146, 0.163, 0.181, 0.201, 0.224, 0.249, 0.276, 0.306, 0.338, 0.374, 0.413, 0.455, 0.501, 0.55, 0.603, 0.659, 0.72, 0.784, 0.853, 0.925, 1.002, 1.085, 1.179, 1.289, 1.421, 1.585, 1.79, 2.048, 2.373, 2.781, 3.296, 3.944, 4.759, 5.786, 7.078, 8.706, 10.754, 13.333, 16.58, 20.667, 25.813, 32.291, 40.446, 50.713, 63.638, 79.91, 100.395, 126.184, 158.651, 199.524, 250.98, 315.759, 397.312, 499.98, 629.233, 791.951, 996.802, 1255, 1579, 1988, 2503, 3150, 3966, 4993, 6285, 7912, 9961, 12540, 15790, 19870, 25020, 31500, 39650, 49920, 62840],
  "pDreD5": [0.061, 0.069, 0.077, 0.086, 0.096, 0.107, 0.12, 0.134, 0.149, 0.166, 0.185, 0.206, 0.229, 0.254, 0.282, 0.312, 0.345, 0.381, 0.421, 0.464, 0.51, 0.56, 0.613, 0.671, 0.732, 0.797, 0.866, 0.939, 1.016, 1.096, 1.18, 1.267, 1.357, 1.45, 1.546, 1.644, 1.744, 1.848, 1.957, 2.078, 2.217, 2.384, 2.591, 2.849, 3.173, 3.582, 4.096, 4.744, 5.559, 6.586, 7.879, 9.506, 11.554, 14.133, 17.38, 21.467, 26.613, 33.091, 41.246, 51.513, 64.438, 80.71, 101.195, 126.984, 159.451, 200.324, 251.78, 316.56, 398.112, 500.781, 630.033, 792.752, 997.602, 1255, 1580, 1989, 2503, 3151, 3967, 4993, 6286, 7913, 9962, 12540, 15790, 19870, 25020, 31500, 39650, 49920, 62850],
  "pDreD10": [0.12, 0.134, 0.15, 0.167, 0.186, 0.207, 0.23, 0.255, 0.283, 0.314, 0.347, 0.383, 0.423, 0.466, 0.512, 0.563, 0.616, 0.674, 0.736, 0.801, 0.87, 0.943, 1.02, 1.1, 1.184, 1.271, 1.362, 1.455, 1.551, 1.649, 1.749, 1.852, 1.956, 2.062, 2.17, 2.278, 2.388, 2.499, 2.614, 2.739, 2.88, 3.049, 3.256, 3.514, 3.839, 4.247, 4.761, 5.409, 6.225, 7.251, 8.544, 10.171, 12.22, 14.799, 18.045, 22.133, 27.278, 33.756, 41.911, 52.178, 65.103, 81.375, 101.86, 127.65, 160.116, 200.989, 252.445, 317.225, 398.777, 501.446, 630.698, 793.417, 998.267, 1256, 1581, 1990, 2504, 3152, 3967, 4994, 6287, 7914, 9962, 12540, 15790, 19880, 25020, 31500, 39650, 49920, 62850],
  "pDreD25": [0.282, 0.313, 0.346, 0.382, 0.422, 0.465, 0.511, 0.561, 0.615, 0.672, 0.733, 0.799, 0.868, 0.941, 1.017, 1.098, 1.181, 1.269, 1.359, 1.452, 1.548, 1.646, 1.746, 1.849, 1.953, 2.059, 2.166, 2.274, 2.384, 2.494, 2.605, 2.717, 2.83, 2.943, 3.056, 3.169, 3.283, 3.398, 3.515, 3.642, 3.785, 3.954, 4.161, 4.42, 4.744, 5.152, 5.667, 6.315, 7.13, 8.157, 9.449, 11.077, 13.125, 15.704, 18.951, 23.038, 28.184, 34.662, 42.817, 53.084, 66.009, 82.281, 102.766, 128.555, 161.022, 201.895, 253.351, 318.13, 399.683, 502.351, 631.604, 794.322, 999.173, 1257, 1582, 1990, 2505, 3153, 3968, 4995, 6288, 7915, 9963, 12540, 15790, 19880, 25020, 31500, 39650, 49920, 62850],
  "pDreD50": [0.512, 0.562, 0.616, 0.673, 0.735, 0.8, 0.869, 0.942, 1.019, 1.1, 1.183, 1.27, 1.361, 1.454, 1.55, 1.648, 1.748, 1.851, 1.955, 2.061, 2.168, 2.277, 2.386, 2.497, 2.608, 2.72, 2.832, 2.945, 3.058, 3.172, 3.285, 3.399, 3.514, 3.628, 3.743, 3.858, 3.972, 4.087, 4.206, 4.333, 4.476, 4.645, 4.852, 5.111, 5.435, 5.844, 6.358, 7.006, 7.821, 8.848, 10.14, 11.768, 13.816, 16.395, 19.642, 23.729, 28.875, 35.353, 43.508, 53.775, 66.7, 82.972, 103.457, 129.246, 161.713, 202.586, 254.042, 318.821, 400.374, 503.043, 632.295, 795.013, 999.864, 1258, 1582, 1991, 2506, 3154, 3969, 4996, 6288, 7915, 9964, 12540, 15790, 19880, 25020, 31500, 39660, 49920, 62850],
  "pDreD100": [0.871, 0.944, 1.021, 1.101, 1.185, 1.272, 1.363, 1.456, 1.552, 1.65, 1.751, 1.853, 1.957, 2.063, 2.171, 2.279, 2.389, 2.499, 2.61, 2.722, 2.834, 2.947, 3.06, 3.174, 3.288, 3.402, 3.516, 3.63, 3.745, 3.86, 3.974, 4.089, 4.204, 4.319, 4.434, 4.549, 4.664, 4.779, 4.898, 5.025, 5.168, 5.338, 5.545, 5.803, 6.128, 6.536, 7.05, 7.698, 8.514, 9.54, 10.833, 12.46, 14.509, 17.088, 20.334, 24.422, 29.567, 36.045, 44.2, 54.467, 67.393, 83.664, 104.149, 129.939, 162.405, 203.278, 254.735, 319.514, 401.067, 503.735, 632.987, 795.706, 1001, 1258, 1583, 1992, 2506, 3154, 3970, 4996, 6289, 7916, 9965, 12540, 15790, 19880, 25020, 31500, 39660, 49920, 62850],
  "pDreD1000": [2.834, 2.947, 3.06, 3.174, 3.288, 3.402, 3.516, 3.63, 3.745, 3.86, 3.974, 4.089, 4.204, 4.319, 4.434, 4.549, 4.664, 4.779, 4.894, 5.009, 5.124, 5.239, 5.354, 5.469, 5.585, 5.7, 5.815, 5.93, 6.045, 6.16, 6.275, 6.39, 6.506, 6.621, 6.736, 6.851, 6.966, 7.082, 7.2, 7.328, 7.471, 7.64, 7.847, 8.106, 8.43, 8.838, 9.353, 10.001, 10.816, 11.843, 13.135, 14.763, 16.811, 19.39, 22.637, 26.724, 31.87, 38.348, 46.503, 56.77, 69.695, 85.967, 106.452, 132.241, 164.708, 205.581, 257.037, 321.816, 403.369, 506.037, 635.29, 798.008, 1003, 1261, 1585, 1994, 2509, 3157, 3972, 4999, 6291, 7918, 9967, 12550, 15790, 19880, 25030, 31500, 39660, 49930, 62850],
  "pDreD10000": [5.124, 5.239, 5.354, 5.469, 5.585, 5.7, 5.815, 5.93, 6.045, 6.16, 6.275, 6.39, 6.506, 6.621, 6.736, 6.851, 6.966, 7.081, 7.196, 7.311, 7.427, 7.542, 7.657, 7.772, 7.887, 8.002, 8.117, 8.232, 8.348, 8.463, 8.578, 8.693, 8.808, 8.923, 9.039, 9.154, 9.269, 9.384, 9.503, 9.63, 9.773, 9.943, 10.15, 10.408, 10.733, 11.141, 11.655, 12.303, 13.119, 14.145, 15.438, 17.065, 19.114, 21.693, 24.939, 29.027, 34.172, 40.65, 48.805, 59.072, 71.998, 88.269, 108.754, 134.544, 167.01, 207.883, 259.34, 324.119, 405.672, 508.34, 637.592, 800.311, 1005, 1263, 1588, 1996, 2511, 3159, 3974, 5001, 6294, 7921, 9969, 12550, 15790, 19880, 25030, 31510, 39660, 49930, 62850],
  "pDireD2": [0.016, 0.018, 0.02, 0.023, 0.026, 0.029, 0.032, 0.036, 0.04, 0.045, 0.05, 0.056, 0.063, 0.071, 0.079, 0.088, 0.099, 0.11, 0.123, 0.137, 0.152, 0.17, 0.189, 0.21, 0.233, 0.258, 0.286, 0.316, 0.35, 0.386, 0.425, 0.467, 0.513, 0.562, 0.615, 0.671, 0.731, 0.796, 0.865, 0.941, 1.026, 1.124, 1.24, 1.38, 1.551, 1.762, 2.024, 2.352, 2.764, 3.28, 3.928, 4.743, 5.769, 7.059, 8.684, 10.728, 13.301, 16.541, 20.619, 25.752, 32.215, 40.351, 50.594, 63.489, 79.722, 100.159, 125.887, 158.276, 199.053, 250.387, 315.013, 396.373, 498.798, 627.744, 790.077, 994.443, 1252, 1576, 1983, 2497, 3143, 3957, 4981, 6270, 7894, 9937, 12510, 15750, 19830, 24960, 31420],
  "pDireD5": [0.041, 0.046, 0.052, 0.058, 0.065, 0.072, 0.081, 0.09, 0.101, 0.112, 0.125, 0.14, 0.156, 0.173, 0.193, 0.214, 0.238, 0.263, 0.292, 0.323, 0.356, 0.393, 0.433, 0.476, 0.522, 0.572, 0.626, 0.683, 0.743, 0.808, 0.875, 0.947, 1.022, 1.1, 1.182, 1.267, 1.355, 1.446, 1.54, 1.638, 1.743, 1.858, 1.987, 2.138, 2.317, 2.535, 2.804, 3.136, 3.551, 4.069, 4.72, 5.537, 6.564, 7.855, 9.481, 11.526, 14.099, 17.339, 21.418, 26.552, 33.015, 41.151, 51.394, 64.288, 80.522, 100.959, 126.687, 159.077, 199.853, 251.187, 315.813, 397.173, 499.598, 628.544, 790.877, 995.243, 1253, 1576, 1984, 2498, 3144, 3957, 4982, 6271, 7894, 9938, 12510, 15750, 19830, 24960, 31420],