{
  "pD": [],
  "pDi": [],
  "pDid": [],
  "tcaDd": [0.00001, 0.0000125893, 0.0000158489, 0.0000199526, 0.0000251189, 0.0000316228, 0.0000398107, 0.0000501187, 0.0000630957, 0.0000794328, 0.0001, 0.000125893, 0.000158489, 0.000199526, 0.000251189, 0.000316228, 0.000398107, 0.000501187, 0.000630957, 0.000794328, 0.001, 0.001258925, 0.001584893, 0.001995262, 0.002511886, 0.003162278, 0.003981072, 0.005011872, 0.006309573, 0.007943282, 0.01, 0.012589254, 0.015848932, 0.019952623, 0.025118864, 0.031622777, 0.039810717, 0.050118723, 0.063095734, 0.079432823, 0.1, 0.125892541, 0.158489319, 0.199526231, 0.251188643, 0.316227766, 0.398107171, 0.501187234, 0.630957344, 0.794328235, 1, 1.258925412, 1.584893192, 1.995262315, 2.511886432, 3.16227766, 3.981071706, 5.011872336, 6.309573445, 7.943282347, 10, 12.58925412, 15.84893192, 19.95262315, 25.11886432, 31.6227766, 39.81071706, 50.11872336, 63.09573445, 79.43282347, 100, 125.8925412, 158.4893192, 199.5262315, 251.1886432, 316.227766, 398.1071706, 501.1872336, 630.9573445, 794.3282347, 1000, 1258.925412, 1584.893192, 1995.262315, 2511.886432, 3162.27766, 3981.071706, 5011.872336, 6309.573445, 7943.282347, 10000],
  "pDreD2": [0.011, 0.012, 0.014, 0.015, 0.017, 0.019, 0.022, 0.024, 0.027, 0.031, 0.034, 0.038, 0.043, 0.048, 0.054, 0.06, 0.067, 0.075, 0.084, 0.094, 0.105, 0.117, 0.131, 0.146, 0.163, 0.181, 0.202, 0.224, 0.249, 0.277, 0.305, 0.34, 0.375, 0.414, 0.457, 0.505, 0.561, 0.629, 0.712, 0.815, 0.944, 1.107, 1.312, 1.569, 1.894, 2.303, 2.817, 3.465, 4.281, 5.307, 6.6, 8.227, 10.276, 12.855, 16.101, 20.189, 25.334, 31.812, 39.967, 50.234, 63.159, 79.431, 99.916, 125.706, 158.172, 199.045, 250.501, 315.281, 396.834, 499.502, 628.754, 791.473, 996.324, 1254, 1579, 1988, 2502, 3150, 3965, 4992, 6285, 7912, 9960, 12540, 15790, 19870, 25020, 31500, 39650, 49920, 62840],
  "pDreD5": [0.031, 0.034, 0.038, 0.043, 0.048, 0.054, 0.06, 0.068, 0.076, 0.084, 0.094, 0.105, 0.118, 0.131, 0.146, 0.163, 0.182, 0.202, 0.225, 0.25, 0.277, 0.307, 0.34, 0.376, 0.415, 0.457, 0.503, 0.552, 0.605, 0.662, 0.722, 0.787, 0.856, 0.928, 1.004, 1.084, 1.167, 1.256, 1.355, 1.468, 1.602, 1.767, 1.972, 2.23, 2.554, 2.963, 3.477, 4.125, 4.941, 5.967, 7.26, 8.887, 10.936, 13.515, 16.761, 20.849, 25.994, 32.472, 40.627, 50.894, 63.819, 80.091, 100.576, 126.366, 158.832, 199.705, 251.161, 315.941, 397.493, 500.162, 629.414, 792.133, 996.983, 1255, 1580, 1988, 2503, 3151, 3966, 4993, 6285, 7913, 9961, 12540, 15790, 19870, 25020, 31500, 39650, 49920, 62840],
  "pDreD10": [0.061, 0.069, 0.077, 0.086, 0.096, 0.107, 0.12, 0.134, 0.149, 0.166, 0.185, 0.206, 0.229, 0.254, 0.282, 0.312, 0.345, 0.381, 0.421, 0.464, 0.51, 0.56, 0.613, 0.671, 0.732, 0.797, 0.866, 0.939, 1.016, 1.096, 1.18, 1.267, 1.357, 1.45, 1.546, 1.644, 1.744, 1.848, 1.957, 2.078, 2.217, 2.384, 2.591, 2.849, 3.173, 3.582, 4.096, 4.744, 5.559, 6.586, 7.879, 9.506, 11.554, 14.133, 17.38, 21.467, 26.613, 33.091, 41.246, 51.513, 64.438, 80.71, 101.195, 126.984, 159.451, 200.324, 251.78, 316.56, 398.112, 500.781, 630.033, 792.752, 997.602, 1255, 1580, 1989, 2503, 3151, 3967, 4993, 6286, 7913, 9962, 12540, 15790, 19870, 25020, 31500, 39650, 49920, 62850],
  "pDreD20": [0.12, 0.134, 0.15, 0.167, 0.186, 0.207, 0.23, 0.255, 0.283, 0.314, 0.347, 0.383, 0.423, 0.466, 0.512, 0.563, 0.616, 0.674, 0.736, 0.801, 0.87, 0.943, 1.02, 1.1, 1.184, 1.271, 1.362, 1.455, 1.551, 1.649, 1.749, 1.852, 1.956, 2.062, 2.17, 2.278, 2.388, 2.499, 2.614, 2.739, 2.88, 3.049, 3.256, 3.514, 3.839, 4.247, 4.761, 5.409, 6.225, 7.251, 8.544, 10.171, 12.22, 14.799, 18.045, 22.133, 27.278, 33.756, 41.911, 52.178, 65.103, 81.375, 101.86, 127.65, 160.116, 200.989, 252.445, 317.225, 398.777, 501.446, 630.698, 793.417, 998.267, 1256, 1581, 1990, 2504, 3152, 3967, 4994, 6287, 7914, 9962, 12540, 15790, 19880, 25020, 31500, 39650, 49920, 62850],
  "pDreD50": [0.282, 0.313, 0.346, 0.382, 0.422, 0.465, 0.511, 0.561, 0.615, 0.672, 0.733, 0.799, 0.868, 0.941, 1.017, 1.098, 1.181, 1.269, 1.359, 1.452, 1.548, 1.646, 1.746, 1.849, 1.953, 2.059, 2.166, 2.274, 2.384, 2.494, 2.605, 2.717, 2.83, 2.943, 3.056, 3.169, 3.283, 3.398, 3.515, 3.642, 3.785, 3.954, 4.161, 4.42, 4.744, 5.152, 5.667, 6.315, 7.13, 8.157, 9.449, 11.077, 13.125, 15.704, 18.951, 23.038, 28.184, 34.662, 42.817, 53.084, 66.009, 82.281, 102.766, 128.555, 161.022, 201.895, 253.351, 318.13, 399.683, 502.351, 631.604, 794.322, 999.173, 1257, 1582, 1990, 2505, 3153, 3968, 4995, 6288, 7915, 9963, 12540, 15790, 19880, 25020, 31500, 39650, 49920, 62850],
  "pDreD100": [0.512, 0.562, 0.616, 0.673, 0.735, 0.8, 0.869, 0.942, 1.019, 1.1, 1.183, 1.27, 1.361, 1.454, 1.55, 1.648, 1.748, 1.851, 1.955, 2.061, 2.168, 2.277, 2.386, 2.497, 2.608, 2.72, 2.832, 2.945, 3.058, 3.172, 3.285, 3.399, 3.514, 3.628, 3.743, 3.858, 3.972, 4.087, 4.206, 4.333, 4.476, 4.645, 4.852, 5.111, 5.435, 5.844, 6.358, 7.006, 7.821, 8.848, 10.14, 11.768, 13.816, 16.395, 19.642, 23.729, 28.875, 35.353, 43.508, 53.775, 66.7, 82.972, 103.457, 129.246, 161.713, 202.586, 254.042, 318.821, 400.374, 503.043, 632.295, 795.013, 999.864, 1258, 1582, 1991, 2506, 3154, 3969, 4996, 6288, 7915, 9964, 12540, 15790, 19880, 25020, 31500, 39660, 49920, 62850],
  "pDreD1000": [2.168, 2.277, 2.386, 2.497, 2.608, 2.72, 2.832, 2.945, 3.058, 3.172, 3.285, 3.399, 3.514, 3.628, 3.743, 3.857, 3.972, 4.087, 4.202, 4.317, 4.432, 4.547, 4.662, 4.777, 4.892, 5.007, 5.122, 5.237, 5.352, 5.467, 5.582, 5.697, 5.812, 5.928, 6.043, 6.158, 6.273, 6.389, 6.507, 6.634, 6.778, 6.947, 7.154, 7.413, 7.737, 8.145, 8.66, 9.307, 10.123, 11.15, 12.442, 14.069, 16.118, 18.697, 21.944, 26.031, 31.176, 37.654, 45.81, 56.077, 69.002, 85.274, 105.759, 131.548, 164.014, 204.888, 256.344, 321.123, 402.676, 505.344, 634.596, 797.315, 1002, 1260, 1585, 1993, 2508, 3156, 3971, 4998, 6291, 7918, 9966, 12550, 15790, 19880, 25020, 31500, 39660, 49920, 62850],
  "pDreD100000": [6.733, 6.849, 6.964, 7.079, 7.194, 7.309, 7.424, 7.539, 7.654, 7.77, 7.885, 8, 8.115, 8.23, 8.345, 8.46, 8.576, 8.691, 8.806, 8.921, 9.036, 9.151, 9.266, 9.381, 9.497, 9.612, 9.727, 9.842, 9.957, 10.072, 10.187, 10.302, 10.418, 10.533, 10.648, 10.763, 10.878, 10.994, 11.113, 11.24, 11.383, 11.552, 11.759, 12.018, 12.342, 12.751, 13.265, 13.913, 14.728, 15.755, 17.047, 18.675, 20.723, 23.302, 26.549, 30.636, 35.782, 42.26, 50.415, 60.682, 73.607, 89.879, 110.364, 136.153, 168.62, 209.493, 260.949, 325.728, 407.281, 509.95, 639.202, 801.92, 1007, 1265, 1589, 1998, 2513, 3160, 3976, 5003, 6295, 7922, 9971, 12550, 15800, 19880, 25030, 31510, 39660, 49930, 62850],
  "pDreD10000000": [11.339, 11.454, 11.569, 11.684, 11.799, 11.914, 12.029, 12.145, 12.26, 12.375, 12.49, 12.605, 12.72, 12.835, 12.95, 13.066, 13.181, 13.296, 13.411, 13.526, 13.641, 13.756, 13.872, 13.987, 14.102, 14.217, 14.332, 14.447, 14.562, 14.677, 14.793, 14.908, 15.023, 15.138, 15.254, 15.369, 15.484, 15.599, 15.718, 15.845, 15.988, 16.157, 16.365, 16.623, 16.947, 17.356, 17.87, 18.518, 19.333, 20.36, 21.653, 23.28, 25.328, 27.907, 31.154, 35.241, 40.387, 46.865, 55.02, 65.287, 78.212, 94.484, 114.969, 140.758, 173.225, 214.098, 265.554, 330.334, 411.886, 514.555, 643.807, 806.526, 1011, 1269, 1594, 2003, 2517, 3165, 3981, 5007, 6300, 7927, 9975, 12550, 15800, 19890, 25030, 31510, 39670, 49930, 62860],
  "pDireD2": [0.007286, 0.008167, 0.009156, 0.01, 0.012, 0.013, 0.014, 0.016, 0.018, 0.02, 0.023, 0.026, 0.029, 0.032, 0.036, 0.04, 0.045, 0.051, 0.057, 0.063, 0.071, 0.079, 0.088, 0.099, 0.11, 0.123, 0.137, 0.153, 0.17, 0.189, 0.21, 0.233, 0.259, 0.287, 0.317, 0.351, 0.388, 0.431, 0.48, 0.538, 0.609, 0.694, 0.8, 0.932, 1.096, 1.303, 1.561, 1.886, 2.295, 2.809, 3.456, 4.27, 5.294, 6.584, 8.208, 10.251, 12.824, 16.063, 20.141, 25.275, 31.737, 39.873, 50.116, 63.01, 79.244, 99.68, 125.408, 157.798, 198.575, 249.909, 314.535, 395.894, 498.32, 627.265, 789.599, 993.964, 1251, 1575, 1983, 2496, 3143, 3956, 4980, 6270, 7893, 9937, 12510, 15750, 19830, 24960, 31420],